{
    "n_estimators": 1100,
    "learning_rate": 0.09895484103176837,
    "num_leaves": 197,
    "max_depth": 10,
    "subsample": 0.8285714688750281,
    "colsample_bytree": 0.6196037610119247,
    "reg_alpha": 0.04417923756298051,
    "reg_lambda": 6.146454233306485,
    "min_child_samples": 59
}