{
    "CANDIDATE": {
        "precision": 0.85,
        "recall": 0.8585858585858586,
        "f1-score": 0.8542713567839196,
        "support": 297.0
    },
    "CONFIRMED": {
        "precision": 0.9057971014492754,
        "recall": 0.9101941747572816,
        "f1-score": 0.9079903147699758,
        "support": 412.0
    },
    "FALSE POSITIVE": {
        "precision": 0.9944521497919556,
        "recall": 0.987603305785124,
        "f1-score": 0.9910158949550795,
        "support": 726.0
    },
    "accuracy": 0.9386759581881533,
    "macro avg": {
        "precision": 0.9167497504137437,
        "recall": 0.9187944463760881,
        "f1-score": 0.917759188836325,
        "support": 1435.0
    },
    "weighted avg": {
        "precision": 0.9391015097881958,
        "recall": 0.9386759581881533,
        "f1-score": 0.938876754276963,
        "support": 1435.0
    }
}